{"accuracy": 0.9647887323943662, "recall": 0.9681234963913392, "precision": 0.9721633085896076, "f1": 0.9696643293627327}