{"accuracy": 0.9788732394366197, "recall": 0.9797514033680834, "precision": 0.9802681992337166, "f1": 0.9797451112106286}